file_name,prediction
images/2726262796.jpg,Một cô gái trẻ mặc đồ bơi màu xanh đang chơi đùa trong sóng biển tại bãi biển.
images/2624457062.jpg,Một người đàn ông lớn tuổi đeo kính và có ria mép trắng đứng trước một tòa nhà bỏ hoang.
images/2829719998.jpg,Một người đàn ông mặc trang phục an toàn màu xanh nổi bật đang cố leo lên xe tải thùng Davey.
images/2268801262.jpg,Một cô gái trẻ đang tận hưởng niềm vui với quần áo mới giặt trong phòng ngủ của mình.
images/3924998281.jpg,"Một đứa trẻ nhỏ mặc áo xanh và mũ kiểu ngư dân gần bờ nước, chơi với quả bóng màu xanh và trắng."
images/3131359135.jpg,"Một người đàn ông mặc áo khoác màu nâu nhạt đang đi trên lối băng qua đường, cầm túi ở tay phải trong khi taxi đi qua trên đường."
images/2764336070.jpg,Một người đàn ông da ngăm đội mũ hồng ngồi trên băng ghế trước bức tường màu xanh lam.
images/634891010.jpg,Một con chó ba chân màu đen trắng chạy theo một con chó nâu đeo khăn rằn màu đỏ.
images/4454735404.jpg,Nhóm trẻ em mặc đồng phục học sinh màu xanh và xám đang chơi trong khu vực có hàng rào phía sau một tòa nhà gạch xám.
images/4564825449.jpg,Một người phụ nữ đi ủng cao su ngồi trên cỏ và ăn bánh quế.
images/1453516451.jpg,Một người đàn ông mặc áo thun trắng thực hiện một cú đánh với con quay màu đồng.
images/8154670501.jpg,"Hai người đàn ông, một mặc đồ đỏ và một mặc đồ đen, thi đấu trong cuộc chạy marathon, theo sau là một người đi xe máy và một đối thủ khác."
images/4535251327.jpg,Một người đàn ông trong nhà thờ Cơ đốc giáo chính thống đang cầu nguyện bên lăng mộ.
images/1363343745.jpg,Hai người đàn ông mặc áo phao đang sửa chữa một chiếc mô tô nước trong khi một cậu bé mặc áo phao và một phụ nữ đứng nhìn.
images/2762594886.jpg,Hai người ngồi trên băng ghế nhìn ra dãy núi phủ tuyết.
images/6963176832.jpg,Một cầu thủ bóng đá mặc áo màu xanh chanh nhìn xuống quả bóng màu vàng.
images/2582390123.jpg,Một con chó xám nhỏ ở trên cỏ với một con bò nâu.
images/4939701707.jpg,Phụ nữ và đàn ông mặc quần ngắn nắm tay nhau khi đi bộ trên vỉa hè đông đúc.
images/2085078076.jpg,"Một cậu bé đứng gần vùng nước bùn lầy, cầm vật gì đó trong tay trong khi người bên cạnh giặt quần áo trong xô."
images/3221815947.jpg,Một con ngựa đen với mũi trắng đang chạy trên cát trong khu vực có hàng rào.
images/229574079.jpg,Bốn người đàn ông to lớn đang ăn cùng nhau trong một cuộc thi ăn uống.
images/4589045905.jpg,"Một người phụ nữ tóc vàng đứng trước cửa hàng, cầm túi mua sắm màu trắng và điện thoại di động."
images/4643835607.jpg,Một người đàn ông mặc áo khoác nâu nhìn vào kính viễn vọng trong khi những người khác ở phía sau cũng làm như vậy.
images/3110840233.jpg,Một người đàn ông đội mũ Giáng sinh bím tóc đang chơi một nhạc cụ.
images/1122177096.jpg,Một người đàn ông mặc áo vàng và quần màu nâu nhạt chơi golf ngoài trời trong khi những người khác quan sát.
images/2240785083.jpg,Một bà cụ đi bộ trên vỉa hè với những tòa nhà đầy graffiti.
images/4457029240.jpg,"Tường tòa nhà đá có graffiti được vẽ gần phía dưới, hai người cũng đứng gần tường."
images/430689218.jpg,"Một người phụ nữ mỉm cười mặc áo xanh ngồi trên ghế, ôm một đứa bé đang ngủ say trong tay."
images/3478877323.jpg,Một cậu bé và một cô bé châu Á chạy qua cánh đồng hoa tulip.
images/2908391335.jpg,"Một người phụ nữ mỉm cười giơ tay phải lên trong khi bạn đồng hành của cô, lưng tựa vào nhau, giơ tay trái lên."
images/4603100449.jpg,"Hai cô gái trẻ đi bộ, một người cao, tóc vàng, giống người mẫu mặc trang phục sọc ngựa vằn, người kia thấp hơn, châu Á, mặc áo trắng."
images/4922420794.jpg,Một chiếc taxi màu vàng sáng đi qua con phố đông đúc trong khu phố đông người.
images/4979311570.jpg,Một người đàn ông và một người phụ nữ đi quanh góc phố bên cạnh bức tranh tường mô tả trẻ em.
images/6381955081.jpg,"Một người chèo thuyền thi đấu đang chèo qua mặt nước, đeo kính râm để bảo vệ mắt khỏi ánh nắng."
images/2416244705.jpg,Một cô gái trẻ mặc áo hồng và khăn trùm đầu đang chải lông cho một con ngựa có đốm trắng và nâu.
images/4850809558.jpg,Một người rất gầy đang điều khiển giao thông trong khu vực đô thị đông đúc.
images/3314517351.jpg,Một người đàn ông nhảy qua sóng khi đang lướt ván.
images/2188192752.jpg,Một nhóm người nhìn sang một bên và một cậu bé bắt đầu chạy.
images/4700142703.jpg,"Một người đàn ông ngồi một mình ngoài trời bên cạnh hồ bơi, chơi guitar acoustic."
images/3663905588.jpg,Một người phụ nữ mặc váy đỏ và một người đàn ông mặc bộ vest trắng đang biểu diễn ballet trên sân khấu ánh sáng tím.
images/2685752892.jpg,Một cậu bé đi xe đạp trên thành hồ nước trong khi một cậu bé khác ở trong hồ.
images/2512450458.jpg,Một người trong đại dương mặc áo bảo hộ đang được trực thăng nâng lên trong một nhiệm vụ cứu hộ.
images/3308018795.jpg,"Nhiều người tham gia cuộc đua xe đạp, bao gồm một người đàn ông trên xe ba bánh."
images/2246522206.jpg,"Một người đàn ông cầm gậy, mặc quần áo màu xám, đưa tay lên đầu khi đang cúi người ngoài trời."
images/4621100791.jpg,Một người đàn ông mặc áo khoác xanh và bốt da đen ngủ với miệng há trên băng ghế gỗ trong cỏ.
images/382151094.jpg,Cậu bé đang ăn phần còn lại của cây kem từ dưới lên.
images/878278559.jpg,"Một người đàn ông phát biểu tại tiệc cưới, với một người đàn ông khác đứng bên bàn bánh cupcake chụp ảnh người đang nói."
images/239051548.jpg,"Nhiều người ngồi trong nhà hàng có trần cao và cửa sổ lớn, uống rượu vang và giao lưu."
images/2410040397.jpg,Con chó nâu há miệng chạy về phía máy ảnh trong khu vực có rừng.
images/2729685399.jpg,"Ba người đứng gần nhau, mặc áo khoác với những người khác ở phía sau."
images/862511637.jpg,"Hai người đàn ông, một mặc áo vàng và một mặc áo đỏ, đang được ngựa kéo."
images/4714264743.jpg,"Một người đàn ông đeo ba lô xanh trắng và quần jeans đen, áo khoác đen đi ngang qua một tượng đài lớn được bao quanh bởi hàng rào xám."
images/6635122929.jpg,"Một người đàn ông lớn tuổi mặc áo liền quần màu xanh và đeo kính, đứng trong cửa hàng với nhiều dụng cụ, cầm vài mảnh gỗ nhỏ."
images/1351764581.jpg,"Một lính cứu hỏa đang phun nước vào nắp capo mở của một chiếc xe trắng nhỏ, được đặt trên giá nâng."
images/3663793993.jpg,"Một cô gái mặc quần short jeans, áo xanh nhạt, tóc đen với vòi phun nước trên bãi cỏ và một chiếc xe tải Dodge Ram trên đường lái xe."
images/3255539705.jpg,Một người phụ nữ mặc đồ đen và đội mũ len đỏ trượt tuyết trên một chiếc xe trượt tuyết đỏ xuống tuyết trắng.
images/3415783122.jpg,"Một người phụ nữ đi xe đạp dừng lại bên một người đàn ông ngồi trên ghế, cầm một chiếc máy đánh chữ trên đùi."
images/4897473911.jpg,"Hai người phụ nữ mặc đồ trắng cầm túi xách màu nâu, một trong số họ cầm ô trắng lớn, đứng gần một gian hàng."
images/3169016042.jpg,Một đứa trẻ tóc vàng đổ nước từ cốc màu vàng khi ngồi trong bồn tắm đầy nước.
images/5615077255.jpg,"Một nhóm nhỏ, hai người mặc áo nhân viên màu vàng, năm người mặc thường phục, đang làm dự án nghệ thuật với giấy màu."
images/4403572803.jpg,Một vài người đàn ông chụp ảnh một công trình bị phá hủy.
images/3412036192.jpg,Một con chó nâu trắng nhảy lên để bắt một quả bóng trong công viên.
images/8087311342.jpg,"Một cậu bé chân trần ngồi trên mặt đất, cầm một cây sào tre lớn."
images/3677860841.jpg,Một cô gái trẻ nhảy xuống phần sâu của bể bơi trong khi một cậu bé đứng gần đó.
images/4912808658.jpg,Một nghệ sĩ đường phố dân tộc (trống bongo) tạo dáng trước máy ảnh.
images/5771011772.jpg,Một người phụ nữ mặc áo sọc nhảy lên không trung và dang tay khi dẫn đầu một nhóm trẻ em và người lớn dọc theo con đường đất.
images/7760722986.jpg,"Một người đàn ông da đen trẻ tuổi cưỡi lừa với yên ngựa đầy màu sắc, được bao quanh bởi những cây cọ nhiệt đới."
images/3720930427.jpg,"Hai chuyên gia y tế đang hỗ trợ một bà cụ nhỏ bé trên xe lăn, trong khi một phụ nữ khác quan sát."
images/157955034.jpg,Một người phụ nữ mặc váy xanh ngồi trên ghế xanh và vàng bị hỏng.
images/3125992573.jpg,"Các trẻ mẫu giáo đang ngủ qua đêm, ngồi trên ghế sofa, cười khúc khích trước TV."
images/3983837245.jpg,Một người phụ nữ mặc tạp dề đỏ trắng đứng cạnh bức tường có số 333 viết trên đó.
images/110802332.jpg,"Hai đội khúc côn cầu được thể hiện tại khung thành, nơi đội trắng đang ngăn cản đội xanh ghi bàn."
images/3262647146.jpg,Một cậu bé nhảy lên không trung trong khi em trai nhỏ hơn nhìn.
images/6847214834.jpg,"Một người đàn ông một mình trượt tuyết băng đồng trong vùng hoang dã, đeo ba lô lớn."
images/5957177594.jpg,"Một thanh niên mặc bộ đồ thể thao đen và giày vàng đang nhảy cao, trong khi một cậu bé quan sát."
images/1974820694.jpg,"Trong một lớp học âm nhạc với cây đàn piano lớn ở phía sau, một nhạc trưởng mặc áo cam đang dẫn dắt một dàn hợp xướng, trong đó chỉ thấy một phụ nữ."
images/189940458.jpg,Người đàn ông lớn tuổi mặc áo xanh nhìn chằm chằm vào lon bia trên tay.
images/4411115360.jpg,Một thanh niên cầm một số giấy tờ và đứng trước bảng trắng và màn hình trên cao.
images/4337180031.jpg,Một đứa trẻ mặc áo khoác đỏ đen nằm ngửa trên tuyết với tay giơ lên không trung và một chiếc xe trượt tuyết đỏ bên cạnh.
images/3311566845.jpg,"Hai người đàn ông chơi nhạc cụ, người bên trái chơi violin và người bên phải chơi đàn hạc."
images/3834563658.jpg,"Một người đàn ông mặc quần bơi đứng trước cửa nhà, nhìn vào bể bơi, nơi có một đôi chân thò lên khỏi mặt nước ngay trước ván nhảy."
images/2531496753.jpg,Một người đàn ông mặc áo sơ mi trắng tay dài và quần short màu nâu nhạt đang cắt cỏ gần bức tường gạch với những cây nhỏ dọc theo.
images/2579490116.jpg,"Một chiếc xe tải trắng chứa đầy ghế sofa, bàn, chăn xanh bọc kín, và một cáng thép đứng dưới một cây mỏng."
images/447239398.jpg,Một nhóm người mặc quần jeans đi bộ trước một cửa hàng kinh doanh.
images/4887637505.jpg,"Một người đàn ông đội mũ đen và áo khoác đen, áo trắng với cổ áo lật ra, cầm điếu thuốc lên không trung khi đi ngang qua cánh đồng xanh trước một tòa nhà trắng lớn."
images/3874461466.jpg,"Một người đàn ông da trắng có hình xăm, tóc dài ngang vai, mặc áo đỏ không tay và quần jeans xám, ngồi ở góc phố cao cấp trên ghế di động, cầm guitar trên chân phải, trong khi hộp đựng guitar với hoa văn nâu trắng góc cạnh đặt trên vỉa hè dưới chân."
images/4777133573.jpg,Một người bán hàng nam đang cố bán hoa hồng đẹp cho một phụ nữ trẻ trên đường phố.
images/3218861747.jpg,Một người trượt ván đang thực hiện một cú nhảy trên không với ván trượt trên một đường dốc đỏ trong khi mọi người đứng xung quanh nhìn.
images/9637989.jpg,Một người phụ nữ ngồi ngoài cửa hàng với một tấm biển gì đó trên đùi.
images/3579842996.jpg,Một người mặc áo vàng và quần jeans đang chạy trên đường đua.
images/1225687681.jpg,Một người đàn ông mặc áo xám đang điều khiển bàn âm thanh cho một buổi tụ họp xã hội.
images/427082246.jpg,Một người đàn ông mặc áo len vàng chơi với một con chó đen trên cánh đồng cỏ.
images/7913102578.jpg,Một người đàn ông mặc bộ đồ đỏ và mũ bảo hiểm đen đang lái xe go-kart đỏ với số 20 trên cột lái.
images/2146600736.jpg,Một người phụ nữ trong trang phục truyền thống dường như đang biểu diễn một điệu nhảy.
images/4963996609.jpg,Một bà cụ mặc váy và cầm túi xách đứng trước một hàng rào cây.
images/4932786099.jpg,"Một bà cụ đẩy xe chứa đầy hộp đi ngang qua tấm biển rạp hát cho vở ""South Pacific""."
images/2602827193.jpg,"Hình ảnh hai người đàn ông chơi trong một ban nhạc, một người chơi trống và một người chơi nhạc cụ kiểu xylofon, trong một căn phòng tối với hai người không nhận diện được đang xem ở phía sau."
images/4842713608.jpg,"Một người phụ nữ có tóc rối bù, mặt và ngực phủ đầy máu giả."
images/496670720.jpg,"Một ban nhạc, các thành viên mặc đồ lặn và mang dép lặn, đi bộ trên đường phố."
images/3654377237.jpg,"Một nhóm người ăn mặc đẹp ngồi tại các bàn có khăn trải bàn trắng, thưởng thức đồ uống và thức ăn."
images/4824078556.jpg,Một đội quay phim đang ghi hình hai phụ nữ mặc váy trang trọng ngồi trên một tấm chăn giữa công viên.
images/388526913.jpg,"Một cô gái trẻ đứng sau một số đồ trang trí như búp bê, tượng Chúa Giêsu, và tượng Đức Mẹ Maria, ngoài trời."
images/6078286671.jpg,Một phụ nữ châu Á sử dụng một loại búa để ép một thiết kế lên một thiết bị trông giống như vải.
images/4108380768.jpg,Một người đàn ông kéo một cậu bé mặc quần bơi vào sóng tại một bãi biển có vẻ là vùng nhiệt đới.
images/1131340021.jpg,Cậu bé mặc áo ngắn tay và quần short đang chạy ngoài trời.
images/6357647385.jpg,Một vận động viên chạy bộ mặc áo cam trắng và quần short đen đang chạy nước rút trên đường đua.
images/2616379779.jpg,Một người đàn ông mặc áo sơ mi xanh dương và quần dài đang ngủ trong một cửa sổ trưng bày.
images/4524211921.jpg,"Một người đàn ông mặc đồ mưa màu tối và quần jeans đứng trên lối đi gỗ, nhìn chằm chằm vào một số máy móc bên phải."
images/4738781753.jpg,Một đám đông trong ghế ngồi kiểu sân vận động trông không quan tâm đến sự kiện.
images/3417310067.jpg,Hai đội thể thao với bốn người mặc đồng phục đỏ trắng và hai người mặc đồng phục xanh vàng cầm lưới trên gậy và chạy trên sân trước hàng rào kim loại cao.
images/204150602.jpg,Một người đàn ông mặc quần dài thực hiện động tác trồng cây chuối trên một vật thể tròn lớn vào buổi tối.
images/4449968662.jpg,Một người đàn ông da đen mặc áo trắng sơ vin vào quần jeans xanh là trung tâm chú ý của một đám đông vừa phải.
images/24498061.jpg,"Ba người đàn ông, có vẻ là người châu Á, đang trò chuyện gần một bức tường chạm khắc, trong khi một người đàn ông khác ngồi trên băng ghế nhắm mắt."
images/3515378674.jpg,Một cụ ông đang uống rượu trực tiếp từ chai.
images/4872410393.jpg,"Một cô gái trẻ mặc áo đỏ và mũ lưỡi trai mỉm cười, cầm một món đồ chơi nhỏ, đứng trước một nhóm trẻ em đang chơi phía sau."
images/72285426.jpg,Một cô gái trẻ mặc áo ba lỗ màu vàng đang chơi ngoài trời với những đứa trẻ khác ở phía sau.
images/4655882055.jpg,"Một người đàn ông có râu, tóc xoăn, mặc áo xanh và áo khoác xanh navy đứng yên nhìn qua cặp kính râm đỏ."
images/3094302882.jpg,Một đám đông người biểu tình mặc áo khoác và cầm biển hiệu.
images/2457704387.jpg,"Một ban nhạc gồm một người chơi kèn trumpet mặc áo cam, người chơi trống mặc áo vàng và người chơi bass mặc áo xanh biểu diễn cho đám đông."
images/478200744.jpg,Một bà cụ ôm điếu thuốc tự cuốn khi đang hút.
images/4328435391.jpg,Một nhóm thanh niên nam và nữ mặc áo đỏ ngồi cùng nhau trên một băng ghế dài.
images/464998457.jpg,Một người đàn ông lớn tuổi mặc áo khoác trắng làm việc tại một quầy hàng với nhiều loại thực phẩm đầy màu sắc.
images/4379561906.jpg,"Một nhóm người đeo bảng tên tụ tập trong phòng hội nghị, xem phía trước họ."
images/3173461705.jpg,Một con chó nhảy lên tại một con chó khác bên cạnh hàng rào vào một ngày tuyết rơi.
images/4700233871.jpg,Một phụ nữ trẻ tóc vàng châu Á mặc áo khoác đen đứng trước một số thanh niên châu Á khác tại một buổi tụ họp ngoài trời.
images/4683961369.jpg,Một người đàn ông mặc quần jeans và giày thể thao đi bộ dưới mái hiên màu xanh kéo dài từ một cửa hàng.
images/120058071.jpg,"Một đám đông người ngồi trên băng ghế bên cạnh một bức tượng đầu người màu trắng trong khung cảnh giống công viên, trong khi bốn con chim bồ câu nhìn."
images/2254100058.jpg,Hai cậu bé đang đổ nước vào chảo trong khi mặc đồng phục hướng đạo sinh.
images/3424605029.jpg,"Cậu bé mặc áo xanh, và cô bé mặc đồ đen."
images/4696079984.jpg,"Một người phụ nữ mặc áo thun và quần short jeans đứng cạnh một người đàn ông mặc áo xám và quần jeans, quay lưng về phía máy ảnh."
images/519754987.jpg,Một người phụ nữ đi xe đạp ngang qua một chiếc xe hơi và một nhóm người trên vỉa hè.
images/3048380686.jpg,Một cầu thủ khúc côn cầu cố ghi bàn trong khi thủ môn và một cầu thủ khác nhìn.
images/6730143407.jpg,"Một ban nhạc trông nhếch nhác với quần áo rách rưới, tóc dài, và nhạc cụ chơi nhạc cho khán giả."
images/2560981288.jpg,Hai đứa trẻ mặc quần áo thường ngày nằm trên cỏ vào một ngày nắng.
images/485909472.jpg,"Mọi người đi bộ, chơi đùa, ngủ trong công viên với cỏ xanh, cây cối và hoa đỏ."
images/3084752813.jpg,Ba phụ nữ nhận thực phẩm từ một người đàn ông mặc áo khoác xanh từ phía sau xe tải.
images/5194652258.jpg,"Một người đàn ông đứng cạnh một con vật nuôi có lông trong trang trại, mặt họ chạm vào nhau."
images/3632197966.jpg,Hai người đi xe đạp địa hình nhảy qua các mô đất với vài người ở phía sau.
images/7634501754.jpg,Người đi chân trần có một thứ gì đó che mặt và cầm một vật trong tay với các công cụ nằm xung quanh.
images/3587781729.jpg,Hình ảnh một cậu bé tóc vàng và một cậu bé tóc nâu mỉm cười khi đu trên lốp xe.
images/4909614126.jpg,"Quầy bắp rang khiêm tốn với dòng chữ tiếng Tây Ban Nha ""El Rey de las Palomitas"" và một chiếc ô vàng được một phụ nữ trông coi vào ban đêm trong khung cảnh thành phố."
images/3540416981.jpg,Con chó trắng đang đuổi theo một món đồ chơi gắn vào dây trên cỏ.
images/7711590378.jpg,"Tại Thế vận hội London  hai phụ nữ, một từ Anh, đang đấu đối kháng trong một trận đấu được hai trọng tài và nhiều người khác theo dõi."
images/177522874.jpg,Một chàng trai tóc nâu mặc áo sơ mi carô và quần jeans đang chơi guitar ở góc đường.
images/2390778197.jpg,Một người phụ nữ mặc áo khoác đứng cạnh hàng rào chơi ném móng ngựa.
images/4809537190.jpg,"Một số lượng lớn người tụ tập tại một sự kiện, ăn uống dưới một chiếc ô."
images/180312736.jpg,Hai cậu bé rất nhỏ và một người lớn đang chơi với các khối Lego mẫu giáo lớn và một tấm đệm chơi hình đĩa màu đỏ chứa đầy bóng trên thảm trắng trước ghế sofa xám.
images/5249558588.jpg,"Một người đội mũ, mặc áo dài và quần jeans đứng trong một khu rừng không có bụi cây, cúi xuống kiểm tra gốc cây, trong khi một con đường mòn cắt ngang phía dưới ảnh."
images/473424713.jpg,"Một nhóm người ngồi và nhìn chằm chằm vào các màn hình máy tính trong một căn phòng dài, mảnh."
images/7018032339.jpg,"Một người đàn ông mặc đồ xanh nhạt đuổi theo một người đàn ông mặc sọc đen trắng khi chơi bóng đá, và các đồng đội của người thứ hai nhìn."
images/2608116127.jpg,Một con chó và một con mèo đối mặt nhau trong khi một người mặc váy quan sát.
images/7391785714.jpg,Một vài đứa trẻ mỉm cười và la hét trên một trò chơi ở công viên giải trí.
images/4489839598.jpg,Một cô gái tuổi teen ăn mặc cho Ngày Thánh Patrick và cầm điện thoại di động.
images/3041384194.jpg,Một cô gái tóc ngắn và có khuyên lông mày cắn ngón tay và khoanh tay.
images/2862306612.jpg,Một cậu bé nhỏ mặc áo xanh lam và xanh lá cây đang ngồi trong một chiếc xe xây dựng.
images/2659606300.jpg,Một đứa trẻ nhỏ mặc áo len hồng bắt đầu leo cầu thang bê tông.
images/2678685955.jpg,Một đám đông người với một người đi patin đối mặt ngược hướng với mọi người.
images/7160600905.jpg,"Một người đàn ông cầm micro có chữ ""KFBK"" và đang phỏng vấn một người đàn ông khác."
images/4589627804.jpg,Một người phụ nữ mặc áo đen và áo khoác xanh lá cây cầm một tập hồ sơ màu xanh đứng trước một người đàn ông mặc áo đen trên đường phố.
images/2333712689.jpg,Người đàn ông mặc áo dài tay màu xanh đứng trong phòng tối nói chuyện.
images/6166766593.jpg,Averill Levin biểu diễn trên sân khấu và sử dụng một dấu hiệu kỳ lạ bằng tay trái.
images/6928261141.jpg,Các cầu thủ bóng rổ chuyên nghiệp xem khi một người nhảy lên không trung với quả bóng rổ trong một tay.
images/1306106329.jpg,Một cậu bé châu Á trẻ đứng giữa hai phụ nữ khi họ nấu thịt trên que.
images/4616068657.jpg,Một phụ nữ trẻ tóc vàng với bông hoa vàng ngồi trên băng ghế với một người đàn ông da đen đội mũ bowler gần một người đàn ông da trắng có râu.
images/14698542.jpg,Trẻ em nhỏ và một đứa trẻ mẫu giáo vây quanh các lốp xe trên boong tàu.
images/4762951884.jpg,"Một vài cậu bé nấu ăn và ăn trên lò nướng trên hiên nhà, một cô bé nhìn từ bên trong."
images/3976147771.jpg,Một đứa trẻ mặc áo gió xanh lam đang leo lên vài tảng đá.
images/2574824768.jpg,"Sáu cậu bé trẻ, một người Mỹ gốc Phi, một người Latino, và những người còn lại là người da trắng, đứng trước hàng rào dây xích, mặc nhiều loại quần áo khác nhau, năm người trong số họ bịt tai."
images/36026845.jpg,Hai người đàn ông đang làm việc trên các bánh xích của một thiết bị lớn.
images/3504940491.jpg,"Một phụ nữ và một đứa trẻ bay vút qua không trung, ngồi trên một trò chơi ở công viên giải trí."
images/5505219003.jpg,Một người đàn ông mặc áo sơ mi có cổ đen đang viết trên bảng đen phủ đầy phương trình.
images/64974329.jpg,"Hai cô bé, một mặc váy xanh lam và tím, một mặc bộ đồ sọc đỏ, đang vẽ bằng màu đỏ và vàng trên một tấm vải trên đường phố."
images/7422345584.jpg,"Hai người đàn ông ở ngoài trời và người phía trước cầm một khẩu súng đen lớn, mặc đồ ngụy trang với mũ ngụy trang."
images/314567175.jpg,Một người đàn ông mặc đồ trắng đang nấu các miếng thịt trên một bề mặt nấu lớn.
images/2932553502.jpg,Nam và nữ thanh niên trò chuyện về trò chơi họ đang chơi.
images/2200070339.jpg,Một đứa trẻ mặc bộ đồ ngủ sọc đỏ trắng đứng và giơ tay lên.
images/313342543.jpg,Một người đàn ông đeo kính râm vỗ tay trước một nhóm đông thanh niên vây quanh anh ta.
images/4982003362.jpg,"Cô gái đeo kính mặc áo sọc ngang đen, mũ len xanh lam, và quần jeans ngồi trên vỉa hè và đường lát đá."
images/2469638631.jpg,"Một người leo núi nằm ở tiền cảnh trong khi ba người đàn ông chơi với một quả bóng đá trong khu vực nông thôn, có rừng."
images/6214239936.jpg,Một người phụ nữ làm việc một mình trong áo xanh đã ném đất sét để tạo ra một bình miệng rộng trên bàn xoay trong lớp học.
images/6260674203.jpg,Một phụ nữ trong Không quân Hoàng gia trong bếp sử dụng dụng cụ bào.
images/510711623.jpg,Một vài người nhìn vào một quảng cáo trên đường phố.
images/4950818767.jpg,"Một người đàn ông mặc quần jeans đứng trong bóng của cột đèn gần một tòa nhà, đưa tay lên đầu khi nhìn vào cửa sổ trưng bày của một ngân hàng."
images/2289212650.jpg,Một con chó trắng và một con chó trắng đang tranh nhau một cây gậy trong nước.
images/3358532296.jpg,"Mọi người đi bộ, chơi đùa, ngủ trong công viên."
images/1035019794.jpg,Một người mặc trang phục xanh và đội mũ bảo hiểm đang vung gậy bóng chày vào một quả bóng tennis trước hàng rào.
images/3472419481.jpg,"Một nhạc trưởng đang dẫn dắt dàn nhạc của mình trong một hội trường lớn, nơi khán giả đang xem buổi biểu diễn."
images/4042638258.jpg,"Trông như một người đàn ông đang chở một gia đình gồm mẹ, cha, và con trai đến một điểm đến nào đó."
images/4086326509.jpg,"Một nhóm đông phụ nữ trẻ mặc đồ hồng và đen đứng cạnh một nhóm phụ nữ trẻ mặc đồ xanh và đen, tất cả đều đứng cùng một tư thế với một tay cong và một tay duỗi thẳng."
images/115275821.jpg,Một người đàn ông và một con chó tập trung vào máy ảnh chụp ảnh họ trên đường phố.
images/3599442049.jpg,Một thanh niên không mặc áo đấm vào tuyết như thể đang bán nước hoa.
images/777014662.jpg,"Hai công nhân xây dựng nghỉ ngơi sau một ngày làm việc dài, tựa vào lan can trong khi tận hưởng ánh nắng."
images/2133199628.jpg,Một người mặc áo đỏ và không đi giày đang ngồi với tài sản của họ trên đường.
images/6269296633.jpg,"Một ca sĩ rock đứng với một chân trên sân khấu, cầm micro gắn trên giá đỡ lên trên đầu."
images/4181778244.jpg,"Một người phụ nữ ngồi ở phía sau xe van có ghế, đọc báo trong khi chuẩn bị thức ăn."
images/270809922.jpg,Một người đi bộ lên một ngọn núi phủ tuyết vào một ngày sáng sủa.
images/3385246141.jpg,"Một người trượt tuyết nhảy qua không trung, cạnh một cây cao, trong khi một người đàn ông quay video anh ta."
images/7300424828.jpg,"Cậu bé này, mặc quần áo len đầy màu sắc, dường như cần một chiếc khăn tay."
images/2471493912.jpg,Một người mặc quần cam đang chơi trong bùn.
images/7527739826.jpg,"Người đàn ông mặc áo xanh đang cầm một cái xô, dường như đang đổ nó vào đài phun nước."
